pexels-fabian-wiktor-994605.jpeg.jpg,glacier
destinations-barcelona-banner-mobile-1024x553.jpeg.jpg,street
destinations-barcelona-banner-mobile-1024x553.jpeg.jpg,street
destinations-barcelona-banner-mobile-1024x553.jpeg.jpg,street
destinations-barcelona-banner-mobile-1024x553.jpeg.jpg,street
6.jpg.jpg,sea
6.jpg.jpg,sea
28.jpg.jpg,mountain
28.jpg.jpg,mountain
22.jpg.jpg,forest
6.jpg.jpg,sea
14.jpg.jpg,street
11.jpg.jpg,glacier
28.jpg.jpg,mountain
22.jpg.jpg,forest
28.jpg.jpg,mountain
6.jpg.jpg,sea
25.jpg.jpg,sea
28.jpg.jpg,mountain
3.jpg.jpg,street
28.jpg.jpg,mountain
28.jpg.jpg,mountain
25.jpg.jpg,sea
11.jpg.jpg,glacier
28.jpg.jpg,mountain
25.jpg.jpg,sea
25.jpg.jpg,sea
25.jpg.jpg,sea
25.jpg.jpg,sea
25.jpg.jpg,sea
22.jpg.jpg,forest
11.jpg.jpg,glacier
28.jpg.jpg,mountain
38.jpg.jpg,glacier
